[
  { "model": "agriculture.unite", "pk": 1, "fields": { "unite": "kg" }},
  { "model": "agriculture.unite", "pk": 2, "fields": { "unite": "litre" }},
  { "model": "agriculture.unite", "pk": 3, "fields": { "unite": "sac" }},
  { "model": "agriculture.unite", "pk": 4, "fields": { "unite": "mètre" }},
  { "model": "agriculture.unite", "pk": 5, "fields": { "unite": "hectare" }},
  { "model": "agriculture.unite", "pk": 6, "fields": { "unite": "pièce" }},
  { "model": "agriculture.unite", "pk": 7, "fields": { "unite": "gallon" }},
  { "model": "agriculture.unite", "pk": 8, "fields": { "unite": "tonne" }},
  { "model": "agriculture.unite", "pk": 9, "fields": { "unite": "boîte" }},
  { "model": "agriculture.unite", "pk": 10, "fields": { "unite": "paquet" }},

  { "model": "agriculture.culture", "pk": 1, "fields": { "nom_culture": "Maïs", "variete_culture": "Jaune", "cycle_culture": 120, "saisonnalite_culture": "Saison sèche", "culture_supprime": false }},
  { "model": "agriculture.culture", "pk": 2, "fields": { "nom_culture": "Riz", "variete_culture": "Indica", "cycle_culture": 150, "saisonnalite_culture": "Saison des pluies", "culture_supprime": false }},
  { "model": "agriculture.culture", "pk": 3, "fields": { "nom_culture": "Blé", "variete_culture": "Dur", "cycle_culture": 100, "saisonnalite_culture": "Saison froide", "culture_supprime": false }},
  { "model": "agriculture.culture", "pk": 4, "fields": { "nom_culture": "Tomate", "variete_culture": "Roma", "cycle_culture": 90, "saisonnalite_culture": "Saison chaude", "culture_supprime": false }},
  { "model": "agriculture.culture", "pk": 5, "fields": { "nom_culture": "Pomme de terre", "variete_culture": "Russet", "cycle_culture": 110, "saisonnalite_culture": "Saison froide", "culture_supprime": false }},
  { "model": "agriculture.culture", "pk": 6, "fields": { "nom_culture": "Carotte", "variete_culture": "Orange", "cycle_culture": 80, "saisonnalite_culture": "Saison humide", "culture_supprime": false }},
  { "model": "agriculture.culture", "pk": 7, "fields": { "nom_culture": "Soja", "variete_culture": "Noir", "cycle_culture": 130, "saisonnalite_culture": "Saison sèche", "culture_supprime": false }},
  { "model": "agriculture.culture", "pk": 8, "fields": { "nom_culture": "Poivron", "variete_culture": "Rouge", "cycle_culture": 95, "saisonnalite_culture": "Saison chaude", "culture_supprime": false }},
  { "model": "agriculture.culture", "pk": 9, "fields": { "nom_culture": "Aubergine", "variete_culture": "Violette", "cycle_culture": 100, "saisonnalite_culture": "Saison chaude", "culture_supprime": false }},
  { "model": "agriculture.culture", "pk": 10, "fields": { "nom_culture": "Courgette", "variete_culture": "Verte", "cycle_culture": 85, "saisonnalite_culture": "Saison humide", "culture_supprime": false }},

  { "model": "agriculture.parcelle", "pk": 1, "fields": { "nom_parcelle": "Parcelle A", "superficie_parcelle": "1.50", "type_sol": "Argileux", "disponible": true, "parcelle_supprime": true }},
  { "model": "agriculture.parcelle", "pk": 2, "fields": { "nom_parcelle": "Parcelle B", "superficie_parcelle": "2.00", "type_sol": "Sableux", "disponible": true, "parcelle_supprime": true }},
  { "model": "agriculture.parcelle", "pk": 3, "fields": { "nom_parcelle": "Parcelle C", "superficie_parcelle": "1.20", "type_sol": "Limoneux", "disponible": true, "parcelle_supprime": true }},
  { "model": "agriculture.parcelle", "pk": 4, "fields": { "nom_parcelle": "Parcelle D", "superficie_parcelle": "3.00", "type_sol": "Argilo-sableux", "disponible": true, "parcelle_supprime": true }},
  { "model": "agriculture.parcelle", "pk": 5, "fields": { "nom_parcelle": "Parcelle E", "superficie_parcelle": "0.80", "type_sol": "Sableux", "disponible": true, "parcelle_supprime": false }},
  { "model": "agriculture.parcelle", "pk": 6, "fields": { "nom_parcelle": "Parcelle F", "superficie_parcelle": "2.50", "type_sol": "Argileux", "disponible": true, "parcelle_supprime": false }},
  { "model": "agriculture.parcelle", "pk": 7, "fields": { "nom_parcelle": "Parcelle G", "superficie_parcelle": "1.70", "type_sol": "Limoneux", "disponible": true, "parcelle_supprime": false }},
  { "model": "agriculture.parcelle", "pk": 8, "fields": { "nom_parcelle": "Parcelle H", "superficie_parcelle": "2.20", "type_sol": "Argilo-sableux", "disponible": true, "parcelle_supprime": false }},
  { "model": "agriculture.parcelle", "pk": 9, "fields": { "nom_parcelle": "Parcelle I", "superficie_parcelle": "1.00", "type_sol": "Sableux", "disponible": true, "parcelle_supprime": false }},
  { "model": "agriculture.parcelle", "pk": 10, "fields": { "nom_parcelle": "Parcelle J", "superficie_parcelle": "1.80", "type_sol": "Argileux", "disponible": true, "parcelle_supprime": false }},

  { "model": "agriculture.plantation", "pk": 1, "fields": { "date_plantation_terre": "2025-09-01", "methode_culture": "Semis direct", "quantite_plantee": "100.00", "plantation_supprime": false, "ID_unite": 1, "ID_culture": 1, "ID_parcelle": 1 }},
  { "model": "agriculture.plantation", "pk": 2, "fields": { "date_plantation_terre": "2025-09-02", "methode_culture": "Semis direct", "quantite_plantee": "120.00", "plantation_supprime": false, "ID_unite": 1, "ID_culture": 2, "ID_parcelle": 2 }},
  { "model": "agriculture.plantation", "pk": 3, "fields": { "date_plantation_terre": "2025-09-03", "methode_culture": "Plantation", "quantite_plantee": "80.00", "plantation_supprime": false, "ID_unite": 1, "ID_culture": 3, "ID_parcelle": 3 }},
  { "model": "agriculture.plantation", "pk": 4, "fields": { "date_plantation_terre": "2025-09-04", "methode_culture": "Plantation", "quantite_plantee": "90.00", "plantation_supprime": false, "ID_unite": 1, "ID_culture": 4, "ID_parcelle": 4 }},
  { "model": "agriculture.plantation", "pk": 5, "fields": { "date_plantation_terre": "2025-09-05", "methode_culture": "Semis en ligne", "quantite_plantee": "110.00", "plantation_supprime": true, "ID_unite": 1, "ID_culture": 5, "ID_parcelle": 5 }},
  { "model": "agriculture.plantation", "pk": 6, "fields": { "date_plantation_terre": "2025-09-06", "methode_culture": "Semis direct", "quantite_plantee": "70.00", "plantation_supprime": true, "ID_unite": 1, "ID_culture": 6, "ID_parcelle": 6 }},
  { "model": "agriculture.plantation", "pk": 7, "fields": { "date_plantation_terre": "2025-09-07", "methode_culture": "Plantation", "quantite_plantee": "95.00", "plantation_supprime": false, "ID_unite": 1, "ID_culture": 7, "ID_parcelle": 7 }},
  { "model": "agriculture.plantation", "pk": 8, "fields": { "date_plantation_terre": "2025-09-08", "methode_culture": "Plantation", "quantite_plantee": "85.00", "plantation_supprime": false, "ID_unite": 1, "ID_culture": 8, "ID_parcelle": 8 }},
  { "model": "agriculture.plantation", "pk": 9, "fields": { "date_plantation_terre": "2025-09-09", "methode_culture": "Semis en ligne", "quantite_plantee": "100.00", "plantation_supprime": false, "ID_unite": 1, "ID_culture": 9, "ID_parcelle": 9 }},
  { "model": "agriculture.plantation", "pk": 10, "fields": { "date_plantation_terre": "2025-09-10", "methode_culture": "Semis direct", "quantite_plantee": "105.00", "plantation_supprime": false, "ID_unite": 1, "ID_culture": 10, "ID_parcelle": 10 }},

  { "model": "agriculture.suivi", "pk": 1, "fields": { "date_suivi": "2025-09-11", "details_suivi": "Arrosage régulier effectué", "suivi_supprime": true, "ID_plantation": 1 }},
  { "model": "agriculture.suivi", "pk": 2, "fields": { "date_suivi": "2025-09-12", "details_suivi": "Fertilisation appliquée", "suivi_supprime": true, "ID_plantation": 2 }},
  { "model": "agriculture.suivi", "pk": 3, "fields": { "date_suivi": "2025-09-13", "details_suivi": "Désherbage manuel", "suivi_supprime": true, "ID_plantation": 3 }},
  { "model": "agriculture.suivi", "pk": 4, "fields": { "date_suivi": "2025-09-14", "details_suivi": "Traitement fongicide", "suivi_supprime": false, "ID_plantation": 4 }},
  { "model": "agriculture.suivi", "pk": 5, "fields": { "date_suivi": "2025-09-15", "details_suivi": "Observation croissance", "suivi_supprime": false, "ID_plantation": 5 }},
  { "model": "agriculture.suivi", "pk": 6, "fields": { "date_suivi": "2025-09-16", "details_suivi": "Arrosage et surveillance", "suivi_supprime": false, "ID_plantation": 6 }},
  { "model": "agriculture.suivi", "pk": 7, "fields": { "date_suivi": "2025-09-17", "details_suivi": "Récolte partielle", "suivi_supprime": false, "ID_plantation": 7 }},
  { "model": "agriculture.suivi", "pk": 8, "fields": { "date_suivi": "2025-09-18", "details_suivi": "Protection contre ravageurs", "suivi_supprime": false, "ID_plantation": 8 }},
  { "model": "agriculture.suivi", "pk": 9, "fields": { "date_suivi": "2025-09-19", "details_suivi": "Analyse du sol", "suivi_supprime": false, "ID_plantation": 9 }},
  { "model": "agriculture.suivi", "pk": 10, "fields": { "date_suivi": "2025-09-20", "details_suivi": "Contrôle qualité", "suivi_supprime": false, "ID_plantation": 10 }}
]
